Engineering and Technology,5
Mathematics,3
Humanities,35
Social Sciences,77
Physical Sciences,78
Life Sciences,45
Practical Arts and Sciences,4
Computer Science,46
Professions,53
Learning Materials,31
Media,82
Education,66
Learning Projects,6
Interdisciplinary Studies,38
Research,98
Language and Literature,93
Business,12
Economics,52
Medicine,71
Philosophy,84
Physics and Astronomy,87
Chemistry,21
Art and Design,23
Law,15
Engineering,97
Music and Dance,65
Psychology,27
Electronic Engineering,69
Classics,43
Information Technology,36
History,18
Theology,29
Architecture,51
Linguistics,59
Sociology,40
Entrepreneurship,14
Biology,47
Comparative Mythology,99
Political Science,79
Strategic Studies,74
Computer Programming,68
Neuroscience,95
Master of Business Administration,19
Mechanical Engineering,44
Foreign Language Learning,57
French,16
Web Design,67
Chemical Engineering,70
Basics of Economics,7
Basic Mathematics,88
Electrical and Electronic Engineering,76
Calculus,75
English Language,37
Pure Mathematics,9
Film and Television,54
Spanish,96
Object-Oriented Programming,1
Computer Networks,72
Java,50
German,100
Filmmaking,48
Basics of French,80
Financial Accounting,34
Filmmaking Basics,63
Differentiation,91
Basics of Spanish,58
Adobe Photoshop,24
Introduction to Computer Science,89
Physics,2
Algebra,32
